Instance Name,Nominal Voltage,Internal Power,Switch Power,Leakage Power,Total Power
_0480_,1.1,9.460e-08,0.000e+00,1.435e-08,1.089e-07
_0481_,1.1,2.982e-07,0.000e+00,2.120e-08,3.194e-07
_0482_,1.1,9.524e-08,0.000e+00,1.435e-08,1.096e-07
_0483_,1.1,3.875e-07,0.000e+00,2.292e-08,4.104e-07
_0484_,1.1,3.951e-07,0.000e+00,2.533e-08,4.204e-07
_0485_,1.1,7.030e-08,0.000e+00,1.116e-08,8.146e-08
_0486_,1.1,2.729e-07,0.000e+00,2.120e-08,2.941e-07
_0487_,1.1,3.989e-07,0.000e+00,2.533e-08,4.242e-07
_0488_,1.1,9.433e-08,0.000e+00,1.435e-08,1.087e-07
_0489_,1.1,2.640e-07,0.000e+00,1.739e-08,2.814e-07
_0490_,1.1,9.564e-08,0.000e+00,1.435e-08,1.100e-07
_0491_,1.1,2.795e-07,0.000e+00,2.120e-08,3.007e-07
_0492_,1.1,9.883e-08,0.000e+00,1.435e-08,1.132e-07
_0493_,1.1,2.769e-07,0.000e+00,2.120e-08,2.981e-07
_0494_,1.1,4.070e-07,0.000e+00,1.581e-08,4.228e-07
_0495_,1.1,9.979e-08,0.000e+00,1.435e-08,1.141e-07
_0496_,1.1,5.032e-07,0.000e+00,2.507e-08,5.282e-07
_0497_,1.1,1.070e-07,0.000e+00,1.435e-08,1.214e-07
_0498_,1.1,4.032e-07,0.000e+00,2.533e-08,4.285e-07
_0499_,1.1,8.696e-08,0.000e+00,1.435e-08,1.013e-07
_0500_,1.1,4.568e-07,0.000e+00,2.507e-08,4.819e-07
_0501_,1.1,4.568e-07,0.000e+00,2.507e-08,4.819e-07
_0502_,1.1,4.568e-07,0.000e+00,2.507e-08,4.819e-07
_0503_,1.1,4.568e-07,0.000e+00,2.507e-08,4.819e-07
_0504_,1.1,4.568e-07,0.000e+00,2.507e-08,4.819e-07
_0505_,1.1,4.568e-07,0.000e+00,2.507e-08,4.819e-07
_0506_,1.1,4.568e-07,0.000e+00,2.507e-08,4.819e-07
_0507_,1.1,4.568e-07,0.000e+00,2.507e-08,4.819e-07
_0508_,1.1,4.568e-07,0.000e+00,2.507e-08,4.819e-07
_0509_,1.1,4.568e-07,0.000e+00,2.507e-08,4.819e-07
_0510_,1.1,4.568e-07,0.000e+00,2.507e-08,4.819e-07
_0511_,1.1,4.568e-07,0.000e+00,2.507e-08,4.819e-07
_0512_,1.1,4.568e-07,0.000e+00,2.507e-08,4.819e-07
_0513_,1.1,4.568e-07,0.000e+00,2.507e-08,4.819e-07
_0514_,1.1,4.568e-07,0.000e+00,2.507e-08,4.819e-07
_0515_,1.1,4.568e-07,0.000e+00,2.507e-08,4.819e-07
_0516_,1.1,4.568e-07,0.000e+00,2.507e-08,4.819e-07
_0517_,1.1,4.568e-07,0.000e+00,2.507e-08,4.819e-07
_0518_,1.1,4.568e-07,0.000e+00,2.507e-08,4.819e-07
_0519_,1.1,4.568e-07,0.000e+00,2.507e-08,4.819e-07
_0520_,1.1,4.568e-07,0.000e+00,2.507e-08,4.819e-07
_0521_,1.1,4.568e-07,0.000e+00,2.507e-08,4.819e-07
_0522_,1.1,4.568e-07,0.000e+00,2.507e-08,4.819e-07
_0523_,1.1,4.568e-07,0.000e+00,2.507e-08,4.819e-07
_0524_,1.1,4.568e-07,0.000e+00,2.507e-08,4.819e-07
_0525_,1.1,4.568e-07,0.000e+00,2.507e-08,4.819e-07
_0526_,1.1,4.568e-07,0.000e+00,2.507e-08,4.819e-07
_0527_,1.1,4.568e-07,0.000e+00,2.507e-08,4.819e-07
_0528_,1.1,4.568e-07,0.000e+00,2.507e-08,4.819e-07
_0529_,1.1,4.568e-07,0.000e+00,2.507e-08,4.819e-07
_0530_,1.1,4.568e-07,0.000e+00,2.507e-08,4.819e-07
_0531_,1.1,4.568e-07,0.000e+00,2.507e-08,4.819e-07
_0532_,1.1,4.568e-07,0.000e+00,2.507e-08,4.819e-07
_0533_,1.1,4.568e-07,0.000e+00,2.507e-08,4.819e-07
_0534_,1.1,4.568e-07,0.000e+00,2.507e-08,4.819e-07
_0535_,1.1,4.568e-07,0.000e+00,2.507e-08,4.819e-07
_0536_,1.1,4.568e-07,0.000e+00,2.507e-08,4.819e-07
_0537_,1.1,4.568e-07,0.000e+00,2.507e-08,4.819e-07
_0538_,1.1,4.568e-07,0.000e+00,2.507e-08,4.819e-07
_0539_,1.1,4.568e-07,0.000e+00,2.507e-08,4.819e-07
_0540_,1.1,4.568e-07,0.000e+00,2.507e-08,4.819e-07
_0541_,1.1,4.568e-07,0.000e+00,2.507e-08,4.819e-07
_0542_,1.1,4.568e-07,0.000e+00,2.507e-08,4.819e-07
_0543_,1.1,4.568e-07,0.000e+00,2.507e-08,4.819e-07
_0544_,1.1,4.568e-07,0.000e+00,2.507e-08,4.819e-07
_0545_,1.1,4.568e-07,0.000e+00,2.507e-08,4.819e-07
_0546_,1.1,4.568e-07,0.000e+00,2.507e-08,4.819e-07
_0547_,1.1,4.568e-07,0.000e+00,2.507e-08,4.819e-07
_0548_,1.1,4.568e-07,0.000e+00,2.507e-08,4.819e-07
_0549_,1.1,4.568e-07,0.000e+00,2.507e-08,4.819e-07
_0550_,1.1,4.568e-07,0.000e+00,2.507e-08,4.819e-07
_0551_,1.1,4.568e-07,0.000e+00,2.507e-08,4.819e-07
_0552_,1.1,4.568e-07,0.000e+00,2.507e-08,4.819e-07
_0553_,1.1,4.568e-07,0.000e+00,2.507e-08,4.819e-07
_0554_,1.1,4.568e-07,0.000e+00,2.507e-08,4.819e-07
_0555_,1.1,4.568e-07,0.000e+00,2.507e-08,4.819e-07
_0556_,1.1,4.568e-07,0.000e+00,2.507e-08,4.819e-07
_0557_,1.1,4.568e-07,0.000e+00,2.507e-08,4.819e-07
_0558_,1.1,4.568e-07,0.000e+00,2.507e-08,4.819e-07
_0559_,1.1,4.568e-07,0.000e+00,2.507e-08,4.819e-07
_0560_,1.1,4.568e-07,0.000e+00,2.507e-08,4.819e-07
_0561_,1.1,4.568e-07,0.000e+00,2.507e-08,4.819e-07
_0562_,1.1,4.568e-07,0.000e+00,2.507e-08,4.819e-07
_0563_,1.1,4.568e-07,0.000e+00,2.507e-08,4.819e-07
_0564_,1.1,4.568e-07,0.000e+00,2.507e-08,4.819e-07
_0565_,1.1,4.568e-07,0.000e+00,2.507e-08,4.819e-07
_0566_,1.1,4.568e-07,0.000e+00,2.507e-08,4.819e-07
_0567_,1.1,4.568e-07,0.000e+00,2.507e-08,4.819e-07
_0568_,1.1,4.568e-07,0.000e+00,2.507e-08,4.819e-07
_0569_,1.1,4.568e-07,0.000e+00,2.507e-08,4.819e-07
_0570_,1.1,4.568e-07,0.000e+00,2.507e-08,4.819e-07
_0571_,1.1,4.568e-07,0.000e+00,2.507e-08,4.819e-07
_0572_,1.1,4.568e-07,0.000e+00,2.507e-08,4.819e-07
_0573_,1.1,4.568e-07,0.000e+00,2.507e-08,4.819e-07
_0574_,1.1,4.568e-07,0.000e+00,2.507e-08,4.819e-07
_0575_,1.1,4.568e-07,0.000e+00,2.507e-08,4.819e-07
_0576_,1.1,4.568e-07,0.000e+00,2.507e-08,4.819e-07
_0577_,1.1,4.568e-07,0.000e+00,2.507e-08,4.819e-07
_0578_,1.1,4.568e-07,0.000e+00,2.507e-08,4.819e-07
_0579_,1.1,4.568e-07,0.000e+00,2.507e-08,4.819e-07
_0580_,1.1,4.568e-07,0.000e+00,2.507e-08,4.819e-07
_0581_,1.1,4.568e-07,0.000e+00,2.507e-08,4.819e-07
_0582_,1.1,4.568e-07,0.000e+00,2.507e-08,4.819e-07
_0583_,1.1,4.568e-07,0.000e+00,2.507e-08,4.819e-07
_0584_,1.1,4.568e-07,0.000e+00,2.507e-08,4.819e-07
_0585_,1.1,4.568e-07,0.000e+00,2.507e-08,4.819e-07
_0586_,1.1,4.568e-07,0.000e+00,2.507e-08,4.819e-07
_0587_,1.1,4.568e-07,0.000e+00,2.507e-08,4.819e-07
_0588_,1.1,4.568e-07,0.000e+00,2.507e-08,4.819e-07
_0589_,1.1,4.568e-07,0.000e+00,2.507e-08,4.819e-07
_0590_,1.1,4.568e-07,0.000e+00,2.507e-08,4.819e-07
_0591_,1.1,4.568e-07,0.000e+00,2.507e-08,4.819e-07
_0592_,1.1,4.568e-07,0.000e+00,2.507e-08,4.819e-07
_0593_,1.1,4.568e-07,0.000e+00,2.507e-08,4.819e-07
_0594_,1.1,4.568e-07,0.000e+00,2.507e-08,4.819e-07
_0595_,1.1,4.568e-07,0.000e+00,2.507e-08,4.819e-07
_0596_,1.1,4.568e-07,0.000e+00,2.507e-08,4.819e-07
_0597_,1.1,4.568e-07,0.000e+00,2.507e-08,4.819e-07
_0598_,1.1,4.568e-07,0.000e+00,2.507e-08,4.819e-07
_0599_,1.1,4.568e-07,0.000e+00,2.507e-08,4.819e-07
_0600_,1.1,4.568e-07,0.000e+00,2.507e-08,4.819e-07
_0601_,1.1,4.568e-07,0.000e+00,2.507e-08,4.819e-07
_0602_,1.1,4.568e-07,0.000e+00,2.507e-08,4.819e-07
_0603_,1.1,4.568e-07,0.000e+00,2.507e-08,4.819e-07
_0604_,1.1,4.568e-07,0.000e+00,2.507e-08,4.819e-07
_0605_,1.1,4.568e-07,0.000e+00,2.507e-08,4.819e-07
_0606_,1.1,4.568e-07,0.000e+00,2.507e-08,4.819e-07
_0607_,1.1,4.568e-07,0.000e+00,2.507e-08,4.819e-07
_0608_,1.1,4.568e-07,0.000e+00,2.507e-08,4.819e-07
_0609_,1.1,4.568e-07,0.000e+00,2.507e-08,4.819e-07
_0610_,1.1,4.568e-07,0.000e+00,2.507e-08,4.819e-07
_0611_,1.1,4.568e-07,0.000e+00,2.507e-08,4.819e-07
_0612_,1.1,4.568e-07,0.000e+00,2.507e-08,4.819e-07
_0613_,1.1,4.568e-07,0.000e+00,2.507e-08,4.819e-07
_0614_,1.1,4.568e-07,0.000e+00,2.507e-08,4.819e-07
_0615_,1.1,4.568e-07,0.000e+00,2.507e-08,4.819e-07
_0616_,1.1,4.568e-07,0.000e+00,2.507e-08,4.819e-07
_0617_,1.1,4.568e-07,0.000e+00,2.507e-08,4.819e-07
_0618_,1.1,4.568e-07,0.000e+00,2.507e-08,4.819e-07
_0619_,1.1,4.568e-07,0.000e+00,2.507e-08,4.819e-07
_0620_,1.1,5.245e-07,0.000e+00,2.507e-08,5.495e-07
_0621_,1.1,5.245e-07,0.000e+00,2.507e-08,5.495e-07
_0622_,1.1,5.245e-07,0.000e+00,2.507e-08,5.495e-07
_0623_,1.1,5.245e-07,0.000e+00,2.507e-08,5.495e-07
_0624_,1.1,5.245e-07,0.000e+00,2.507e-08,5.495e-07
_0625_,1.1,5.245e-07,0.000e+00,2.507e-08,5.495e-07
_0626_,1.1,5.245e-07,0.000e+00,2.507e-08,5.495e-07
_0627_,1.1,5.245e-07,0.000e+00,2.507e-08,5.495e-07
_0628_,1.1,4.707e-07,0.000e+00,2.269e-08,4.934e-07
_0629_,1.1,9.369e-08,0.000e+00,1.435e-08,1.080e-07
_0630_,1.1,2.745e-07,0.000e+00,2.120e-08,2.957e-07
_0631_,1.1,2.951e-07,0.000e+00,2.120e-08,3.163e-07
_0632_,1.1,4.932e-07,0.000e+00,3.340e-08,5.266e-07
_0633_,1.1,5.033e-07,0.000e+00,2.269e-08,5.260e-07
_0634_,1.1,1.094e-08,0.000e+00,8.200e-08,9.294e-08
_0635_,1.1,1.713e-09,0.000e+00,2.559e-08,2.730e-08
_0636_,1.1,3.247e-09,0.000e+00,1.027e-07,1.059e-07
_0637_,1.1,1.764e-09,0.000e+00,1.027e-07,1.045e-07
_0638_,1.1,9.051e-10,0.000e+00,1.027e-07,1.036e-07
_0639_,1.1,1.334e-10,0.000e+00,2.559e-08,2.572e-08
_0640_,1.1,7.434e-11,0.000e+00,2.559e-08,2.566e-08
_0641_,1.1,1.094e-08,0.000e+00,8.200e-08,9.294e-08
_0642_,1.1,1.678e-09,0.000e+00,2.559e-08,2.726e-08
_0643_,1.1,9.191e-10,0.000e+00,2.559e-08,2.651e-08
_0644_,1.1,1.731e-09,0.000e+00,1.027e-07,1.044e-07
_0645_,1.1,2.513e-10,0.000e+00,2.559e-08,2.584e-08
_0646_,1.1,1.365e-10,0.000e+00,2.559e-08,2.572e-08
_0647_,1.1,1.049e-13,0.000e+00,2.033e-08,2.033e-08
_0648_,1.1,1.342e-21,0.000e+00,2.025e-08,2.025e-08
_0649_,1.1,9.469e-08,0.000e+00,1.435e-08,1.090e-07
_0650_,1.1,5.861e-07,0.000e+00,3.825e-08,6.244e-07
_0651_,1.1,4.973e-07,0.000e+00,2.507e-08,5.224e-07
_0652_,1.1,5.073e-07,0.000e+00,3.340e-08,5.407e-07
_0653_,1.1,9.451e-08,0.000e+00,1.435e-08,1.089e-07
_0654_,1.1,2.808e-07,0.000e+00,2.120e-08,3.020e-07
_0655_,1.1,5.312e-07,0.000e+00,2.531e-08,5.565e-07
_0656_,1.1,1.044e-06,0.000e+00,4.198e-08,1.086e-06
_0657_,1.1,9.491e-08,0.000e+00,1.223e-08,1.071e-07
_0658_,1.1,2.712e-07,0.000e+00,2.208e-08,2.933e-07
_0659_,1.1,5.312e-07,0.000e+00,2.531e-08,5.565e-07
_0660_,1.1,1.044e-06,0.000e+00,4.198e-08,1.086e-06
_0661_,1.1,2.712e-07,0.000e+00,2.208e-08,2.933e-07
_0662_,1.1,3.501e-07,0.000e+00,2.032e-08,3.704e-07
_0663_,1.1,4.595e-09,0.000e+00,1.012e-08,1.471e-08
_0664_,1.1,4.970e-07,0.000e+00,3.340e-08,5.304e-07
_0665_,1.1,5.198e-07,0.000e+00,2.507e-08,5.449e-07
_0666_,1.1,3.902e-07,0.000e+00,2.533e-08,4.155e-07
_0667_,1.1,2.601e-07,0.000e+00,2.546e-08,2.856e-07
_0668_,1.1,1.626e-07,0.000e+00,2.552e-08,1.881e-07
_0669_,1.1,1.004e-07,0.000e+00,2.555e-08,1.260e-07
_0670_,1.1,1.941e-08,0.000e+00,1.005e-08,2.946e-08
_0671_,1.1,5.389e-09,0.000e+00,2.412e-08,2.951e-08
_0672_,1.1,2.245e-08,0.000e+00,2.052e-08,4.296e-08
_0673_,1.1,9.335e-08,0.000e+00,1.435e-08,1.077e-07
_0674_,1.1,9.460e-08,0.000e+00,2.383e-08,1.184e-07
_0675_,1.1,9.693e-08,0.000e+00,1.223e-08,1.092e-07
_0676_,1.1,3.259e-07,0.000e+00,2.752e-08,3.534e-07
_0677_,1.1,5.546e-07,0.000e+00,2.883e-08,5.834e-07
_0678_,1.1,3.434e-07,0.000e+00,2.787e-08,3.713e-07
_0679_,1.1,2.630e-07,0.000e+00,1.739e-08,2.804e-07
_0680_,1.1,8.240e-07,0.000e+00,2.648e-08,8.505e-07
_0681_,1.1,9.323e-08,0.000e+00,1.435e-08,1.076e-07
_0682_,1.1,2.697e-07,0.000e+00,1.739e-08,2.871e-07
_0683_,1.1,1.691e-06,0.000e+00,1.368e-07,1.828e-06
_0684_,1.1,5.299e-07,0.000e+00,2.683e-08,5.567e-07
_0685_,1.1,4.886e-07,0.000e+00,2.269e-08,5.113e-07
_0686_,1.1,4.922e-07,0.000e+00,3.340e-08,5.256e-07
_0687_,1.1,1.604e-08,0.000e+00,5.343e-09,2.138e-08
_0688_,1.1,4.897e-07,0.000e+00,2.455e-08,5.143e-07
_0689_,1.1,5.329e-07,0.000e+00,2.254e-08,5.554e-07
_0690_,1.1,9.275e-08,0.000e+00,1.435e-08,1.071e-07
_0691_,1.1,4.599e-07,0.000e+00,3.606e-08,4.960e-07
_0692_,1.1,2.446e-11,0.000e+00,1.010e-08,1.013e-08
_0693_,1.1,9.338e-08,0.000e+00,1.435e-08,1.077e-07
_0694_,1.1,1.114e-08,0.000e+00,2.999e-08,4.113e-08
_0695_,1.1,2.015e-07,0.000e+00,1.577e-08,2.173e-07
_0696_,1.1,2.092e-09,0.000e+00,1.011e-08,1.220e-08
_0697_,1.1,6.559e-07,0.000e+00,4.976e-08,7.056e-07
_0698_,1.1,2.745e-07,0.000e+00,2.063e-08,2.951e-07
_0699_,1.1,7.301e-08,0.000e+00,1.118e-08,8.419e-08
_0700_,1.1,3.406e-07,0.000e+00,2.756e-08,3.681e-07
_0701_,1.1,4.053e-08,0.000e+00,2.022e-08,6.075e-08
_0702_,1.1,4.915e-07,0.000e+00,2.626e-08,5.178e-07
_0703_,1.1,5.570e-07,0.000e+00,1.502e-08,5.720e-07
_0704_,1.1,5.786e-09,0.000e+00,2.298e-08,2.877e-08
_0705_,1.1,5.153e-09,0.000e+00,6.970e-09,1.212e-08
_0706_,1.1,2.959e-09,0.000e+00,1.633e-08,1.929e-08
_0707_,1.1,5.151e-09,0.000e+00,6.971e-09,1.212e-08
_0708_,1.1,2.961e-09,0.000e+00,1.633e-08,1.929e-08
_0709_,1.1,5.149e-09,0.000e+00,6.972e-09,1.212e-08
_0710_,1.1,2.961e-09,0.000e+00,1.633e-08,1.929e-08
_0711_,1.1,5.157e-09,0.000e+00,6.975e-09,1.213e-08
_0712_,1.1,2.975e-09,0.000e+00,1.634e-08,1.931e-08
_0713_,1.1,2.760e-07,0.000e+00,1.944e-08,2.955e-07
_0714_,1.1,5.768e-09,0.000e+00,2.287e-08,2.863e-08
_0715_,1.1,3.094e-09,0.000e+00,2.413e-08,2.722e-08
_0716_,1.1,5.564e-07,0.000e+00,1.502e-08,5.714e-07
_0717_,1.1,5.795e-09,0.000e+00,2.298e-08,2.878e-08
_0718_,1.1,5.563e-07,0.000e+00,1.502e-08,5.713e-07
_0719_,1.1,5.788e-09,0.000e+00,2.298e-08,2.877e-08
_0720_,1.1,5.148e-09,0.000e+00,6.970e-09,1.212e-08
_0721_,1.1,2.963e-09,0.000e+00,1.633e-08,1.930e-08
_0722_,1.1,5.148e-09,0.000e+00,6.971e-09,1.212e-08
_0723_,1.1,2.960e-09,0.000e+00,1.633e-08,1.929e-08
_0724_,1.1,5.144e-09,0.000e+00,6.972e-09,1.212e-08
_0725_,1.1,2.974e-09,0.000e+00,1.633e-08,1.931e-08
_0726_,1.1,5.157e-09,0.000e+00,6.975e-09,1.213e-08
_0727_,1.1,2.965e-09,0.000e+00,1.634e-08,1.930e-08
_0728_,1.1,2.760e-07,0.000e+00,1.944e-08,2.955e-07
_0729_,1.1,5.768e-09,0.000e+00,2.287e-08,2.863e-08
_0730_,1.1,3.094e-09,0.000e+00,2.413e-08,2.722e-08
_0731_,1.1,4.618e-09,0.000e+00,1.556e-08,2.018e-08
_0732_,1.1,5.793e-07,0.000e+00,4.190e-08,6.213e-07
_0733_,1.1,9.525e-08,0.000e+00,1.435e-08,1.096e-07
_0734_,1.1,2.970e-07,0.000e+00,2.120e-08,3.182e-07
_0735_,1.1,5.009e-07,0.000e+00,2.141e-08,5.223e-07
_0736_,1.1,3.037e-07,0.000e+00,1.748e-08,3.212e-07
_0737_,1.1,5.253e-07,0.000e+00,2.189e-08,5.472e-07
_0738_,1.1,3.193e-07,0.000e+00,1.765e-08,3.369e-07
_0739_,1.1,5.601e-07,0.000e+00,2.286e-08,5.830e-07
_0740_,1.1,3.413e-07,0.000e+00,1.799e-08,3.593e-07
_0741_,1.1,6.014e-07,0.000e+00,2.479e-08,6.262e-07
_0742_,1.1,3.615e-07,0.000e+00,1.862e-08,3.802e-07
_0743_,1.1,2.716e-07,0.000e+00,2.120e-08,2.928e-07
_0744_,1.1,6.817e-07,0.000e+00,2.422e-08,7.060e-07
_0745_,1.1,2.719e-07,0.000e+00,2.120e-08,2.931e-07
_0746_,1.1,5.655e-07,0.000e+00,2.005e-08,5.856e-07
_0747_,1.1,2.808e-07,0.000e+00,2.120e-08,3.020e-07
_0748_,1.1,1.199e-06,0.000e+00,2.824e-08,1.227e-06
_0749_,1.1,3.011e-07,0.000e+00,2.992e-08,3.311e-07
_0750_,1.1,5.248e-09,0.000e+00,6.079e-09,1.133e-08
_0751_,1.1,4.612e-07,0.000e+00,3.147e-08,4.927e-07
_0752_,1.1,1.641e-07,0.000e+00,1.435e-08,1.784e-07
_0753_,1.1,4.839e-07,0.000e+00,4.306e-08,5.269e-07
_0754_,1.1,3.870e-07,0.000e+00,2.292e-08,4.099e-07
_0755_,1.1,3.863e-07,0.000e+00,2.292e-08,4.092e-07
_0756_,1.1,3.879e-07,0.000e+00,2.292e-08,4.108e-07
_0757_,1.1,3.852e-07,0.000e+00,2.292e-08,4.082e-07
_0758_,1.1,4.100e-07,0.000e+00,2.328e-08,4.333e-07
_0759_,1.1,2.787e-07,0.000e+00,2.120e-08,2.999e-07
_0760_,1.1,2.415e-07,0.000e+00,2.289e-08,2.644e-07
_0761_,1.1,4.017e-07,0.000e+00,2.533e-08,4.270e-07
_0762_,1.1,1.656e-07,0.000e+00,2.105e-08,1.867e-07
_0763_,1.1,3.177e-08,0.000e+00,2.068e-08,5.245e-08
_0764_,1.1,2.932e-07,0.000e+00,2.268e-08,3.159e-07
_0765_,1.1,4.795e-07,0.000e+00,2.269e-08,5.022e-07
_0766_,1.1,1.319e-07,0.000e+00,2.072e-08,1.527e-07
_0767_,1.1,6.402e-07,0.000e+00,4.414e-08,6.843e-07
_0768_,1.1,3.210e-08,0.000e+00,4.171e-09,3.627e-08
_0769_,1.1,2.400e-07,0.000e+00,3.696e-08,2.769e-07
_0770_,1.1,1.319e-07,0.000e+00,2.072e-08,1.527e-07
_0771_,1.1,6.402e-07,0.000e+00,4.414e-08,6.843e-07
_0772_,1.1,3.210e-08,0.000e+00,4.171e-09,3.627e-08
_0773_,1.1,2.400e-07,0.000e+00,3.696e-08,2.769e-07
_0774_,1.1,1.319e-07,0.000e+00,2.072e-08,1.527e-07
_0775_,1.1,6.402e-07,0.000e+00,4.414e-08,6.843e-07
_0776_,1.1,3.210e-08,0.000e+00,4.171e-09,3.627e-08
_0777_,1.1,2.400e-07,0.000e+00,3.696e-08,2.769e-07
_0778_,1.1,1.319e-07,0.000e+00,2.072e-08,1.527e-07
_0779_,1.1,6.402e-07,0.000e+00,4.414e-08,6.843e-07
_0780_,1.1,3.210e-08,0.000e+00,4.171e-09,3.627e-08
_0781_,1.1,2.400e-07,0.000e+00,3.696e-08,2.769e-07
_0782_,1.1,1.319e-07,0.000e+00,2.072e-08,1.527e-07
_0783_,1.1,6.402e-07,0.000e+00,4.414e-08,6.843e-07
_0784_,1.1,3.210e-08,0.000e+00,4.171e-09,3.627e-08
_0785_,1.1,2.400e-07,0.000e+00,3.696e-08,2.769e-07
_0786_,1.1,4.529e-08,0.000e+00,1.309e-08,5.837e-08
_0787_,1.1,9.058e-09,0.000e+00,1.856e-08,2.762e-08
_0788_,1.1,1.953e-07,0.000e+00,2.011e-08,2.154e-07
_0789_,1.1,1.941e-07,0.000e+00,5.726e-08,2.513e-07
_0790_,1.1,4.827e-07,0.000e+00,2.172e-08,5.044e-07
_0791_,1.1,6.402e-07,0.000e+00,4.414e-08,6.843e-07
_0792_,1.1,3.210e-08,0.000e+00,4.171e-09,3.627e-08
_0793_,1.1,5.994e-07,0.000e+00,3.027e-08,6.296e-07
_0794_,1.1,4.827e-07,0.000e+00,2.172e-08,5.044e-07
_0795_,1.1,5.994e-07,0.000e+00,3.027e-08,6.296e-07
_0796_,1.1,4.827e-07,0.000e+00,2.172e-08,5.044e-07
_0797_,1.1,5.994e-07,0.000e+00,3.027e-08,6.296e-07
_0798_,1.1,4.827e-07,0.000e+00,2.172e-08,5.044e-07
_0799_,1.1,5.994e-07,0.000e+00,3.027e-08,6.296e-07
_0800_,1.1,4.827e-07,0.000e+00,2.172e-08,5.044e-07
_0801_,1.1,5.994e-07,0.000e+00,3.027e-08,6.296e-07
_0802_,1.1,4.827e-07,0.000e+00,2.172e-08,5.044e-07
_0803_,1.1,5.994e-07,0.000e+00,3.027e-08,6.296e-07
_0804_,1.1,8.827e-07,0.000e+00,2.959e-08,9.123e-07
_0805_,1.1,3.332e-07,0.000e+00,1.949e-08,3.527e-07
_0806_,1.1,2.912e-07,0.000e+00,2.116e-08,3.124e-07
_0807_,1.1,3.845e-07,0.000e+00,2.031e-08,4.048e-07
_0808_,1.1,1.319e-07,0.000e+00,2.072e-08,1.527e-07
_0809_,1.1,6.402e-07,0.000e+00,4.414e-08,6.843e-07
_0810_,1.1,3.210e-08,0.000e+00,4.171e-09,3.627e-08
_0811_,1.1,2.400e-07,0.000e+00,3.696e-08,2.769e-07
_0812_,1.1,1.319e-07,0.000e+00,2.072e-08,1.527e-07
_0813_,1.1,2.400e-07,0.000e+00,3.696e-08,2.769e-07
_0814_,1.1,4.827e-07,0.000e+00,2.172e-08,5.044e-07
_0815_,1.1,5.994e-07,0.000e+00,3.027e-08,6.296e-07
_0816_,1.1,1.239e-06,0.000e+00,3.903e-08,1.278e-06
_0817_,1.1,4.551e-07,0.000e+00,3.260e-08,4.877e-07
_0818_,1.1,7.073e-08,0.000e+00,1.116e-08,8.190e-08
_0819_,1.1,3.246e-07,0.000e+00,1.966e-08,3.442e-07
_0820_,1.1,2.867e-07,0.000e+00,2.416e-08,3.108e-07
_0821_,1.1,7.145e-07,0.000e+00,2.742e-08,7.419e-07
_0822_,1.1,7.099e-08,0.000e+00,1.116e-08,8.215e-08
_0823_,1.1,6.733e-07,0.000e+00,3.369e-08,7.070e-07
_0824_,1.1,5.781e-09,0.000e+00,1.014e-08,1.592e-08
_0825_,1.1,2.642e-07,0.000e+00,3.382e-08,2.980e-07
_0826_,1.1,6.186e-08,0.000e+00,1.063e-08,7.249e-08
_0827_,1.1,4.255e-07,0.000e+00,2.240e-08,4.479e-07
_0828_,1.1,8.239e-09,0.000e+00,8.254e-09,1.649e-08
_0829_,1.1,2.932e-07,0.000e+00,2.268e-08,3.159e-07
_0830_,1.1,5.253e-08,0.000e+00,1.059e-08,6.312e-08
_0831_,1.1,5.711e-07,0.000e+00,3.955e-08,6.106e-07
_0832_,1.1,9.469e-07,0.000e+00,4.846e-08,9.954e-07
_0833_,1.1,4.824e-08,0.000e+00,2.361e-08,7.185e-08
_0834_,1.1,4.824e-08,0.000e+00,2.361e-08,7.185e-08
_0835_,1.1,4.824e-08,0.000e+00,2.361e-08,7.185e-08
_0836_,1.1,4.824e-08,0.000e+00,2.361e-08,7.185e-08
_0837_,1.1,4.824e-08,0.000e+00,2.361e-08,7.185e-08
_0838_,1.1,4.555e-08,0.000e+00,2.361e-08,6.915e-08
_0839_,1.1,2.547e-07,0.000e+00,2.345e-08,2.782e-07
_0840_,1.1,2.547e-07,0.000e+00,2.345e-08,2.782e-07
_0841_,1.1,2.547e-07,0.000e+00,2.345e-08,2.782e-07
_0842_,1.1,2.547e-07,0.000e+00,2.345e-08,2.781e-07
_0843_,1.1,2.547e-07,0.000e+00,2.345e-08,2.781e-07
_0844_,1.1,2.547e-07,0.000e+00,2.345e-08,2.781e-07
_0845_,1.1,3.557e-07,0.000e+00,2.336e-08,3.790e-07
_0846_,1.1,4.824e-08,0.000e+00,2.361e-08,7.184e-08
_0847_,1.1,4.824e-08,0.000e+00,2.361e-08,7.184e-08
_0848_,1.1,2.547e-07,0.000e+00,2.345e-08,2.781e-07
_0849_,1.1,3.434e-08,0.000e+00,2.150e-08,5.585e-08
_0850_,1.1,3.676e-07,0.000e+00,1.977e-08,3.873e-07
_0851_,1.1,1.972e-07,0.000e+00,2.353e-08,2.207e-07
_0852_,1.1,9.335e-08,0.000e+00,1.435e-08,1.077e-07
_0853_,1.1,6.146e-07,0.000e+00,3.631e-08,6.509e-07
_0854_,1.1,3.211e-07,0.000e+00,3.759e-08,3.587e-07
_0855_,1.1,4.619e-07,0.000e+00,5.995e-08,5.219e-07
_0856_,1.1,1.073e-07,0.000e+00,2.902e-08,1.363e-07
_0857_,1.1,4.811e-07,0.000e+00,2.269e-08,5.038e-07
_0858_,1.1,1.931e-08,0.000e+00,4.939e-09,2.425e-08
_0859_,1.1,1.900e-07,0.000e+00,6.272e-09,1.963e-07
_0860_,1.1,1.169e-08,0.000e+00,1.024e-08,2.193e-08
_0861_,1.1,2.670e-07,0.000e+00,1.739e-08,2.844e-07
_0862_,1.1,4.028e-07,0.000e+00,8.419e-08,4.870e-07
_0863_,1.1,1.241e-07,0.000e+00,1.249e-08,1.366e-07
_0864_,1.1,8.353e-07,0.000e+00,4.404e-08,8.793e-07
_0865_,1.1,1.398e-06,0.000e+00,9.290e-08,1.491e-06
_0866_,1.1,5.258e-08,0.000e+00,8.467e-08,1.372e-07
_0867_,1.1,3.404e-07,0.000e+00,2.299e-08,3.634e-07
_0868_,1.1,4.932e-09,0.000e+00,8.428e-08,8.921e-08
_0869_,1.1,1.423e-09,0.000e+00,9.220e-08,9.362e-08
_0870_,1.1,4.094e-10,0.000e+00,9.204e-08,9.245e-08
_0871_,1.1,1.698e-09,0.000e+00,2.296e-08,2.466e-08
_0872_,1.1,8.062e-14,0.000e+00,8.139e-08,8.139e-08
_0873_,1.1,5.128e-20,0.000e+00,8.107e-08,8.107e-08
_0874_,1.1,1.710e-26,0.000e+00,8.107e-08,8.107e-08
_0875_,1.1,5.712e-30,0.000e+00,8.140e-08,8.140e-08
_0876_,1.1,9.314e-34,0.000e+00,6.986e-09,6.986e-09
_0877_,1.1,6.031e-09,0.000e+00,6.195e-08,6.798e-08
_0878_,1.1,1.750e-15,0.000e+00,2.025e-08,2.025e-08
_0879_,1.1,8.821e-21,0.000e+00,2.032e-08,2.032e-08
_0880_,1.1,4.865e-27,0.000e+00,2.025e-08,2.025e-08
_0881_,1.1,8.450e-31,0.000e+00,3.493e-09,3.493e-09
_0882_,1.1,6.004e-09,0.000e+00,6.195e-08,6.796e-08
_0883_,1.1,8.715e-07,0.000e+00,3.060e-08,9.021e-07
_0884_,1.1,2.517e-09,0.000e+00,1.011e-08,1.263e-08
_0885_,1.1,1.090e-08,0.000e+00,2.075e-08,3.165e-08
_0886_,1.1,7.403e-07,0.000e+00,5.185e-08,7.922e-07
_0887_,1.1,1.001e-06,0.000e+00,3.081e-08,1.032e-06
_0888_,1.1,4.081e-08,0.000e+00,2.328e-08,6.409e-08
_0889_,1.1,1.093e-06,0.000e+00,3.109e-08,1.124e-06
_0890_,1.1,9.309e-09,0.000e+00,2.640e-08,3.571e-08
_0891_,1.1,5.368e-24,0.000e+00,3.319e-09,3.319e-09
_0892_,1.1,6.001e-09,0.000e+00,6.195e-08,6.795e-08
_0893_,1.1,9.322e-09,0.000e+00,2.640e-08,3.572e-08
_0894_,1.1,1.415e-17,0.000e+00,2.033e-08,2.033e-08
_0895_,1.1,9.340e-09,0.000e+00,2.640e-08,3.574e-08
_0896_,1.1,9.361e-09,0.000e+00,2.640e-08,3.576e-08
_0897_,1.1,1.571e-11,0.000e+00,8.822e-09,8.838e-09
_0898_,1.1,6.054e-09,0.000e+00,6.195e-08,6.801e-08
_0899_,1.1,9.617e-08,0.000e+00,1.223e-08,1.084e-07
_0900_,1.1,5.660e-07,0.000e+00,4.453e-08,6.105e-07
_0901_,1.1,8.589e-07,0.000e+00,3.054e-08,8.894e-07
_0902_,1.1,7.218e-07,0.000e+00,2.902e-08,7.509e-07
_0903_,1.1,1.253e-06,0.000e+00,5.046e-08,1.303e-06
_0904_,1.1,2.971e-07,0.000e+00,2.162e-08,3.187e-07
_0905_,1.1,9.391e-07,0.000e+00,1.813e-08,9.572e-07
_0906_,1.1,5.397e-07,0.000e+00,1.810e-08,5.578e-07
_0907_,1.1,2.683e-07,0.000e+00,1.739e-08,2.857e-07
_0908_,1.1,5.203e-07,0.000e+00,2.683e-08,5.472e-07
_0909_,1.1,1.471e-07,0.000e+00,2.175e-08,1.689e-07
_0910_,1.1,9.303e-08,0.000e+00,1.435e-08,1.074e-07
_0911_,1.1,9.350e-08,0.000e+00,1.435e-08,1.079e-07
_0912_,1.1,1.691e-06,0.000e+00,1.368e-07,1.827e-06
_0913_,1.1,1.090e-08,0.000e+00,1.015e-08,2.105e-08
_0914_,1.1,1.071e-07,0.000e+00,4.952e-09,1.121e-07
_0915_,1.1,4.661e-08,0.000e+00,3.545e-08,8.206e-08
_0916_,1.1,1.641e-07,0.000e+00,1.435e-08,1.784e-07
_0917_,1.1,4.839e-07,0.000e+00,4.306e-08,5.269e-07
_0918_,1.1,3.869e-07,0.000e+00,2.292e-08,4.098e-07
_0919_,1.1,3.863e-07,0.000e+00,2.292e-08,4.092e-07
_0920_,1.1,3.855e-07,0.000e+00,2.292e-08,4.084e-07
_0921_,1.1,2.173e-07,0.000e+00,2.130e-08,2.386e-07
_0922_,1.1,2.758e-07,0.000e+00,2.120e-08,2.970e-07
_0923_,1.1,1.229e-07,0.000e+00,2.111e-08,1.441e-07
_0924_,1.1,5.440e-07,0.000e+00,2.683e-08,5.709e-07
_0925_,1.1,3.723e-08,0.000e+00,2.107e-08,5.830e-08
_0926_,1.1,4.149e-07,0.000e+00,2.533e-08,4.402e-07
_0927_,1.1,4.714e-07,0.000e+00,4.117e-08,5.126e-07
_0928_,1.1,6.633e-08,0.000e+00,2.068e-08,8.701e-08
_0929_,1.1,5.867e-07,0.000e+00,4.425e-08,6.309e-07
_0930_,1.1,1.564e-08,0.000e+00,3.932e-09,1.957e-08
_0931_,1.1,1.216e-07,0.000e+00,3.716e-08,1.588e-07
_0932_,1.1,6.633e-08,0.000e+00,2.068e-08,8.701e-08
_0933_,1.1,5.867e-07,0.000e+00,4.425e-08,6.309e-07
_0934_,1.1,1.564e-08,0.000e+00,3.932e-09,1.957e-08
_0935_,1.1,1.216e-07,0.000e+00,3.716e-08,1.588e-07
_0936_,1.1,6.633e-08,0.000e+00,2.068e-08,8.701e-08
_0937_,1.1,5.867e-07,0.000e+00,4.425e-08,6.309e-07
_0938_,1.1,1.564e-08,0.000e+00,3.932e-09,1.957e-08
_0939_,1.1,1.216e-07,0.000e+00,3.716e-08,1.588e-07
_0940_,1.1,6.633e-08,0.000e+00,2.068e-08,8.701e-08
_0941_,1.1,5.867e-07,0.000e+00,4.425e-08,6.309e-07
_0942_,1.1,1.564e-08,0.000e+00,3.932e-09,1.957e-08
_0943_,1.1,1.216e-07,0.000e+00,3.716e-08,1.588e-07
_0944_,1.1,6.633e-08,0.000e+00,2.068e-08,8.701e-08
_0945_,1.1,5.867e-07,0.000e+00,4.425e-08,6.309e-07
_0946_,1.1,1.564e-08,0.000e+00,3.932e-09,1.957e-08
_0947_,1.1,1.216e-07,0.000e+00,3.716e-08,1.588e-07
_0948_,1.1,2.180e-08,0.000e+00,1.284e-08,3.464e-08
_0949_,1.1,4.376e-09,0.000e+00,1.859e-08,2.296e-08
_0950_,1.1,1.035e-07,0.000e+00,2.016e-08,1.237e-07
_0951_,1.1,9.815e-08,0.000e+00,5.757e-08,1.557e-07
_0952_,1.1,4.716e-07,0.000e+00,2.159e-08,4.932e-07
_0953_,1.1,5.867e-07,0.000e+00,4.425e-08,6.309e-07
_0954_,1.1,1.564e-08,0.000e+00,3.932e-09,1.957e-08
_0955_,1.1,5.665e-07,0.000e+00,3.000e-08,5.965e-07
_0956_,1.1,4.716e-07,0.000e+00,2.159e-08,4.932e-07
_0957_,1.1,5.665e-07,0.000e+00,3.000e-08,5.965e-07
_0958_,1.1,4.716e-07,0.000e+00,2.159e-08,4.932e-07
_0959_,1.1,5.665e-07,0.000e+00,3.000e-08,5.965e-07
_0960_,1.1,4.716e-07,0.000e+00,2.159e-08,4.932e-07
_0961_,1.1,5.665e-07,0.000e+00,3.000e-08,5.965e-07
_0962_,1.1,4.716e-07,0.000e+00,2.159e-08,4.932e-07
_0963_,1.1,5.665e-07,0.000e+00,3.000e-08,5.965e-07
_0964_,1.1,4.716e-07,0.000e+00,2.159e-08,4.932e-07
_0965_,1.1,5.665e-07,0.000e+00,3.000e-08,5.965e-07
_0966_,1.1,8.382e-07,0.000e+00,2.928e-08,8.675e-07
_0967_,1.1,3.250e-07,0.000e+00,1.946e-08,3.444e-07
_0968_,1.1,2.819e-07,0.000e+00,2.118e-08,3.030e-07
_0969_,1.1,3.674e-07,0.000e+00,2.032e-08,3.877e-07
_0970_,1.1,6.633e-08,0.000e+00,2.068e-08,8.701e-08
_0971_,1.1,5.867e-07,0.000e+00,4.425e-08,6.309e-07
_0972_,1.1,1.564e-08,0.000e+00,3.932e-09,1.957e-08
_0973_,1.1,1.216e-07,0.000e+00,3.716e-08,1.588e-07
_0974_,1.1,6.633e-08,0.000e+00,2.068e-08,8.701e-08
_0975_,1.1,1.216e-07,0.000e+00,3.716e-08,1.588e-07
_0976_,1.1,4.716e-07,0.000e+00,2.159e-08,4.932e-07
_0977_,1.1,5.665e-07,0.000e+00,3.000e-08,5.965e-07
_0978_,1.1,4.775e-07,0.000e+00,2.745e-08,5.050e-07
_0979_,1.1,9.350e-08,0.000e+00,1.435e-08,1.079e-07
_0980_,1.1,4.371e-07,0.000e+00,2.657e-08,4.636e-07
_0981_,1.1,9.404e-08,0.000e+00,1.435e-08,1.084e-07
_0982_,1.1,3.471e-07,0.000e+00,2.101e-08,3.681e-07
_0983_,1.1,3.022e-07,0.000e+00,3.123e-08,3.335e-07
_0984_,1.1,3.519e-07,0.000e+00,2.534e-08,3.773e-07
_0985_,1.1,9.225e-07,0.000e+00,2.554e-08,9.480e-07
_0986_,1.1,4.796e-07,0.000e+00,2.507e-08,5.047e-07
_0987_,1.1,3.995e-07,0.000e+00,2.533e-08,4.248e-07
_0988_,1.1,7.052e-08,0.000e+00,1.116e-08,8.169e-08
_0989_,1.1,3.336e-07,0.000e+00,2.318e-08,3.568e-07
_0990_,1.1,2.507e-09,0.000e+00,2.234e-08,2.484e-08
_0991_,1.1,1.095e-06,0.000e+00,3.019e-08,1.125e-06
_0992_,1.1,9.431e-09,0.000e+00,2.098e-08,3.041e-08
_0993_,1.1,2.121e-07,0.000e+00,1.996e-08,2.321e-07
_0994_,1.1,1.367e-10,0.000e+00,2.697e-08,2.711e-08
_0995_,1.1,2.292e-06,0.000e+00,2.628e-08,2.319e-06
_0996_,1.1,1.174e-06,0.000e+00,2.702e-08,1.201e-06
_0997_,1.1,9.891e-09,0.000e+00,2.060e-08,3.049e-08
_0998_,1.1,9.891e-09,0.000e+00,2.060e-08,3.049e-08
_0999_,1.1,9.891e-09,0.000e+00,2.060e-08,3.049e-08
_1000_,1.1,9.891e-09,0.000e+00,2.060e-08,3.049e-08
_1001_,1.1,9.891e-09,0.000e+00,2.060e-08,3.049e-08
_1002_,1.1,9.326e-09,0.000e+00,2.059e-08,2.992e-08
_1003_,1.1,1.263e-07,0.000e+00,2.387e-08,1.502e-07
_1004_,1.1,1.263e-07,0.000e+00,2.387e-08,1.502e-07
_1005_,1.1,1.263e-07,0.000e+00,2.387e-08,1.502e-07
_1006_,1.1,1.263e-07,0.000e+00,2.387e-08,1.502e-07
_1007_,1.1,1.263e-07,0.000e+00,2.387e-08,1.502e-07
_1008_,1.1,1.263e-07,0.000e+00,2.387e-08,1.502e-07
_1009_,1.1,1.809e-07,0.000e+00,2.554e-08,2.064e-07
_1010_,1.1,9.890e-09,0.000e+00,2.060e-08,3.049e-08
_1011_,1.1,9.890e-09,0.000e+00,2.060e-08,3.049e-08
_1012_,1.1,1.263e-07,0.000e+00,2.387e-08,1.502e-07
_1013_,1.1,5.791e-07,0.000e+00,2.794e-08,6.071e-07
_1014_,1.1,3.222e-07,0.000e+00,3.229e-08,3.545e-07
_1015_,1.1,5.636e-07,0.000e+00,2.769e-08,5.913e-07
_1016_,1.1,4.212e-07,0.000e+00,1.993e-08,4.411e-07
_1017_,1.1,4.832e-08,0.000e+00,1.004e-08,5.836e-08
_1018_,1.1,9.262e-08,0.000e+00,1.082e-08,1.034e-07
_1019_,1.1,5.412e-07,0.000e+00,3.811e-08,5.794e-07
_1020_,1.1,1.970e-08,0.000e+00,5.071e-09,2.477e-08
_1021_,1.1,2.156e-07,0.000e+00,3.552e-08,2.511e-07
_1022_,1.1,2.636e-07,0.000e+00,1.739e-08,2.810e-07
_1023_,1.1,1.791e-09,0.000e+00,8.405e-08,8.584e-08
_1024_,1.1,1.019e-08,0.000e+00,2.640e-08,3.659e-08
_1025_,1.1,1.493e-12,0.000e+00,8.140e-08,8.140e-08
_1026_,1.1,1.032e-15,0.000e+00,8.140e-08,8.140e-08
_1027_,1.1,6.522e-19,0.000e+00,8.140e-08,8.140e-08
_1028_,1.1,3.908e-22,0.000e+00,8.140e-08,8.140e-08
_1029_,1.1,2.261e-25,0.000e+00,8.140e-08,8.140e-08
_1030_,1.1,1.318e-28,0.000e+00,8.140e-08,8.140e-08
_1031_,1.1,6.415e-30,0.000e+00,1.010e-08,1.010e-08
_1032_,1.1,4.180e-08,0.000e+00,8.551e-09,5.035e-08
_1033_,1.1,1.723e-09,0.000e+00,2.040e-08,2.213e-08
_1034_,1.1,9.135e-11,0.000e+00,3.532e-09,3.623e-09
_1035_,1.1,1.442e-36,0.000e+00,4.414e-08,4.414e-08
_1036_,1.1,5.683e-07,0.000e+00,4.453e-08,6.129e-07
_1037_,1.1,3.419e-34,0.000e+00,5.917e-08,5.917e-08
_1038_,1.1,5.963e-36,0.000e+00,4.905e-09,4.905e-09
_1039_,1.1,6.741e-07,0.000e+00,5.214e-08,7.262e-07
_1040_,1.1,9.360e-09,0.000e+00,2.640e-08,3.576e-08
_1041_,1.1,9.361e-09,0.000e+00,2.640e-08,3.576e-08
_1042_,1.1,9.362e-09,0.000e+00,2.640e-08,3.576e-08
_1043_,1.1,9.365e-09,0.000e+00,2.640e-08,3.577e-08
_1044_,1.1,1.808e-32,0.000e+00,8.139e-08,8.139e-08
_1045_,1.1,3.013e-35,0.000e+00,4.502e-09,4.502e-09
_1046_,1.1,6.851e-07,0.000e+00,5.200e-08,7.371e-07
_1047_,1.1,1.147e-34,0.000e+00,5.111e-09,5.111e-09
_1048_,1.1,7.261e-07,0.000e+00,5.186e-08,7.779e-07
_1049_,1.1,5.229e-07,0.000e+00,3.940e-08,5.623e-07
_1050_,1.1,1.506e-33,0.000e+00,3.572e-09,3.572e-09
_1051_,1.1,8.275e-07,0.000e+00,5.122e-08,8.788e-07
_1052_,1.1,7.150e-07,0.000e+00,4.421e-08,7.592e-07
_1053_,1.1,1.016e-32,0.000e+00,3.493e-09,3.493e-09
_1054_,1.1,6.177e-07,0.000e+00,5.214e-08,6.698e-07
_1055_,1.1,9.342e-09,0.000e+00,2.640e-08,3.574e-08
_1056_,1.1,9.359e-09,0.000e+00,2.640e-08,3.576e-08
_1057_,1.1,7.196e-08,0.000e+00,1.116e-08,8.313e-08
_1058_,1.1,1.371e-07,0.000e+00,2.340e-08,1.605e-07
_1059_,1.1,1.067e-06,0.000e+00,5.063e-08,1.118e-06
_1060_,1.1,2.792e-07,0.000e+00,2.162e-08,3.008e-07
_1061_,1.1,1.185e-06,0.000e+00,2.702e-08,1.212e-06
_1062_,1.1,4.822e-07,0.000e+00,2.269e-08,5.049e-07
_1063_,1.1,7.736e-07,0.000e+00,2.946e-08,8.030e-07
_1064_,1.1,1.702e-06,0.000e+00,1.368e-07,1.839e-06
_1065_,1.1,9.229e-07,0.000e+00,4.193e-08,9.648e-07
_1066_,1.1,9.028e-07,0.000e+00,2.945e-08,9.322e-07
_1067_,1.1,5.799e-06,0.000e+00,3.649e-08,5.836e-06
_1068_,1.1,5.822e-06,0.000e+00,3.649e-08,5.859e-06
_1069_,1.1,5.799e-06,0.000e+00,3.649e-08,5.836e-06
_1070_,1.1,5.799e-06,0.000e+00,3.649e-08,5.836e-06
_1071_,1.1,5.937e-06,0.000e+00,3.649e-08,5.973e-06
_1072_,1.1,5.937e-06,0.000e+00,3.649e-08,5.973e-06
_1073_,1.1,5.934e-06,0.000e+00,3.649e-08,5.971e-06
_1074_,1.1,5.799e-06,0.000e+00,3.649e-08,5.836e-06
_1075_,1.1,5.799e-06,0.000e+00,3.649e-08,5.836e-06
_1076_,1.1,5.822e-06,0.000e+00,3.649e-08,5.859e-06
_1077_,1.1,5.799e-06,0.000e+00,3.649e-08,5.836e-06
_1078_,1.1,5.799e-06,0.000e+00,3.649e-08,5.836e-06
_1079_,1.1,5.937e-06,0.000e+00,3.649e-08,5.973e-06
_1080_,1.1,5.937e-06,0.000e+00,3.649e-08,5.973e-06
_1081_,1.1,5.934e-06,0.000e+00,3.649e-08,5.971e-06
_1082_,1.1,5.799e-06,0.000e+00,3.649e-08,5.836e-06
_1083_,1.1,5.913e-06,0.000e+00,3.649e-08,5.949e-06
_1084_,1.1,5.913e-06,0.000e+00,3.649e-08,5.949e-06
_1085_,1.1,5.913e-06,0.000e+00,3.649e-08,5.949e-06
_1086_,1.1,5.799e-06,0.000e+00,3.649e-08,5.836e-06
_1087_,1.1,5.799e-06,0.000e+00,3.649e-08,5.836e-06
_1088_,1.1,5.799e-06,0.000e+00,3.649e-08,5.836e-06
_1089_,1.1,5.844e-06,0.000e+00,3.649e-08,5.881e-06
u_basic_logic.u_control_unit.addr_a_$_DFFE_PP0P__Q,1.1,1.194e-06,0.000e+00,8.178e-08,1.276e-06
u_basic_logic.u_control_unit.addr_a_$_DFFE_PP0P__Q_1,1.1,1.197e-06,0.000e+00,8.070e-08,1.278e-06
u_basic_logic.u_control_unit.addr_b_$_DFFE_PP0P__Q,1.1,1.194e-06,0.000e+00,8.178e-08,1.276e-06
u_basic_logic.u_control_unit.addr_b_$_DFFE_PP0P__Q_1,1.1,1.197e-06,0.000e+00,8.070e-08,1.278e-06
u_basic_logic.u_control_unit.computation_done_$_DFF_PP0__Q,1.1,6.540e-06,0.000e+00,8.353e-08,6.623e-06
u_basic_logic.u_control_unit.drain_counter_$_DFFE_PP0P__Q,1.1,1.020e-06,0.000e+00,8.254e-08,1.103e-06
u_basic_logic.u_control_unit.drain_counter_$_DFFE_PP0P__Q_1,1.1,9.852e-07,0.000e+00,8.251e-08,1.068e-06
u_basic_logic.u_control_unit.state_$_DFFE_PP0P__Q,1.1,1.208e-06,0.000e+00,7.949e-08,1.288e-06
u_basic_logic.u_control_unit.state_$_DFFE_PP0P__Q_1,1.1,1.337e-06,0.000e+00,7.673e-08,1.414e-06
u_basic_logic.u_control_unit.stream_counter_$_DFFE_PP0P__Q,1.1,1.178e-06,0.000e+00,7.349e-08,1.252e-06
u_basic_logic.u_control_unit.stream_counter_$_DFFE_PP0P__Q_1,1.1,1.179e-06,0.000e+00,7.349e-08,1.253e-06
u_central_control.clear_c_buf_$_DFF_PP0__Q,1.1,4.781e-06,0.000e+00,6.659e-08,4.847e-06
u_central_control.start_load_A_$_DFF_PP0__Q,1.1,7.515e-06,0.000e+00,7.349e-08,7.588e-06
u_central_control.state_$_DFF_PP0__Q,1.1,8.898e-08,0.000e+00,4.420e-08,1.332e-07
u_central_control.state_$_DFF_PP0__Q_1,1.1,6.083e-06,0.000e+00,6.448e-08,6.147e-06
u_central_control.state_$_DFF_PP0__Q_2,1.1,7.551e-06,0.000e+00,7.353e-08,7.625e-06
u_central_control.state_$_DFF_PP0__Q_3,1.1,6.488e-06,0.000e+00,8.358e-08,6.572e-06
u_central_control.state_$_DFF_PP0__Q_4,1.1,7.416e-06,0.000e+00,8.175e-08,7.497e-06
u_central_control.state_$_DFF_PP0__Q_5,1.1,6.509e-06,0.000e+00,8.356e-08,6.592e-06
u_central_control.state_$_DFF_PP0__Q_6,1.1,6.472e-06,0.000e+00,8.359e-08,6.555e-06
u_central_control.state_$_DFF_PP0__Q_7,1.1,7.450e-06,0.000e+00,7.169e-08,7.522e-06
u_central_control.state_$_DFF_PP0__Q_8,1.1,8.206e-08,0.000e+00,4.413e-08,1.262e-07
u_central_control.state_$_DFF_PP1__Q,1.1,6.339e-06,0.000e+00,6.904e-08,6.408e-06
u_central_control.tile_col_A_$_DFF_P__Q,1.1,7.315e-06,0.000e+00,3.898e-08,7.354e-06
u_central_control.tile_col_A_$_DFF_P__Q_1,1.1,7.362e-06,0.000e+00,3.898e-08,7.401e-06
u_central_control.tile_col_A_$_DFF_P__Q_2,1.1,7.375e-06,0.000e+00,3.899e-08,7.414e-06
u_central_control.tile_col_A_$_DFF_P__Q_3,1.1,7.404e-06,0.000e+00,3.900e-08,7.443e-06
u_central_control.tile_col_A_$_DFF_P__Q_4,1.1,6.199e-06,0.000e+00,2.988e-08,6.229e-06
u_central_control.tile_col_A_$_DFF_P__Q_5,1.1,7.504e-06,0.000e+00,3.905e-08,7.543e-06
u_central_control.tile_col_A_$_DFF_P__Q_6,1.1,7.503e-06,0.000e+00,3.907e-08,7.542e-06
u_central_control.tile_col_A_$_DFF_P__Q_7,1.1,7.312e-06,0.000e+00,3.898e-08,7.351e-06
u_central_control.tile_col_B_$_DFF_P__Q,1.1,6.423e-06,0.000e+00,3.804e-08,6.461e-06
u_central_control.tile_col_B_$_DFF_P__Q_1,1.1,6.423e-06,0.000e+00,3.804e-08,6.461e-06
u_central_control.tile_col_B_$_DFF_P__Q_2,1.1,6.423e-06,0.000e+00,3.804e-08,6.461e-06
u_central_control.tile_col_B_$_DFF_P__Q_3,1.1,6.423e-06,0.000e+00,3.804e-08,6.461e-06
u_central_control.tile_col_B_$_DFF_P__Q_4,1.1,6.423e-06,0.000e+00,3.804e-08,6.461e-06
u_central_control.tile_col_B_$_DFF_P__Q_5,1.1,6.423e-06,0.000e+00,3.804e-08,6.461e-06
u_central_control.tile_col_B_$_DFF_P__Q_6,1.1,6.423e-06,0.000e+00,3.804e-08,6.461e-06
u_central_control.tile_col_B_$_DFF_P__Q_7,1.1,6.423e-06,0.000e+00,3.804e-08,6.461e-06
u_central_control.tile_i_cnt_$_DFFE_PP0P__Q,1.1,6.278e-07,0.000e+00,8.358e-08,7.114e-07
u_central_control.tile_i_cnt_$_DFFE_PP0P__Q_1,1.1,6.278e-07,0.000e+00,8.358e-08,7.114e-07
u_central_control.tile_i_cnt_$_DFFE_PP0P__Q_2,1.1,6.279e-07,0.000e+00,8.358e-08,7.115e-07
u_central_control.tile_i_cnt_$_DFFE_PP0P__Q_3,1.1,6.278e-07,0.000e+00,8.358e-08,7.114e-07
u_central_control.tile_i_cnt_$_DFFE_PP0P__Q_4,1.1,6.278e-07,0.000e+00,8.358e-08,7.114e-07
u_central_control.tile_i_cnt_$_DFFE_PP0P__Q_5,1.1,6.278e-07,0.000e+00,8.358e-08,7.114e-07
u_central_control.tile_i_cnt_$_DFFE_PP0P__Q_6,1.1,6.278e-07,0.000e+00,8.358e-08,7.114e-07
u_central_control.tile_i_cnt_$_DFFE_PP0P__Q_7,1.1,6.279e-07,0.000e+00,8.358e-08,7.115e-07
u_central_control.tile_j_cnt_$_DFFE_PP0P__Q,1.1,6.278e-07,0.000e+00,8.358e-08,7.114e-07
u_central_control.tile_j_cnt_$_DFFE_PP0P__Q_1,1.1,6.278e-07,0.000e+00,8.358e-08,7.114e-07
u_central_control.tile_j_cnt_$_DFFE_PP0P__Q_2,1.1,6.278e-07,0.000e+00,8.358e-08,7.114e-07
u_central_control.tile_j_cnt_$_DFFE_PP0P__Q_3,1.1,6.278e-07,0.000e+00,8.358e-08,7.114e-07
u_central_control.tile_j_cnt_$_DFFE_PP0P__Q_4,1.1,6.278e-07,0.000e+00,8.358e-08,7.114e-07
u_central_control.tile_j_cnt_$_DFFE_PP0P__Q_5,1.1,6.278e-07,0.000e+00,8.358e-08,7.114e-07
u_central_control.tile_j_cnt_$_DFFE_PP0P__Q_6,1.1,6.278e-07,0.000e+00,8.358e-08,7.114e-07
u_central_control.tile_j_cnt_$_DFFE_PP0P__Q_7,1.1,6.279e-07,0.000e+00,8.358e-08,7.115e-07
u_central_control.tile_k_cnt_$_DFFE_PP0P__Q,1.1,1.212e-06,0.000e+00,7.948e-08,1.291e-06
u_central_control.tile_k_cnt_$_DFFE_PP0P__Q_1,1.1,1.256e-06,0.000e+00,7.949e-08,1.336e-06
u_central_control.tile_k_cnt_$_DFFE_PP0P__Q_2,1.1,1.257e-06,0.000e+00,7.942e-08,1.337e-06
u_central_control.tile_k_cnt_$_DFFE_PP0P__Q_3,1.1,1.292e-06,0.000e+00,7.934e-08,1.372e-06
u_central_control.tile_k_cnt_$_DFFE_PP0P__Q_4,1.1,1.337e-06,0.000e+00,7.921e-08,1.416e-06
u_central_control.tile_k_cnt_$_DFFE_PP0P__Q_5,1.1,1.378e-06,0.000e+00,7.901e-08,1.457e-06
u_central_control.tile_k_cnt_$_DFFE_PP0P__Q_6,1.1,1.369e-06,0.000e+00,7.885e-08,1.448e-06
u_central_control.tile_k_cnt_$_DFFE_PP0P__Q_7,1.1,1.201e-06,0.000e+00,7.949e-08,1.280e-06
u_central_control.tile_row_A_$_DFF_P__Q,1.1,6.423e-06,0.000e+00,3.804e-08,6.461e-06
u_central_control.tile_row_A_$_DFF_P__Q_1,1.1,6.423e-06,0.000e+00,3.804e-08,6.461e-06
u_central_control.tile_row_A_$_DFF_P__Q_2,1.1,6.423e-06,0.000e+00,3.804e-08,6.461e-06
u_central_control.tile_row_A_$_DFF_P__Q_3,1.1,6.423e-06,0.000e+00,3.804e-08,6.461e-06
u_central_control.tile_row_A_$_DFF_P__Q_4,1.1,6.423e-06,0.000e+00,3.804e-08,6.461e-06
u_central_control.tile_row_A_$_DFF_P__Q_5,1.1,6.423e-06,0.000e+00,3.804e-08,6.461e-06
u_central_control.tile_row_A_$_DFF_P__Q_6,1.1,6.423e-06,0.000e+00,3.804e-08,6.461e-06
u_central_control.tile_row_A_$_DFF_P__Q_7,1.1,6.423e-06,0.000e+00,3.804e-08,6.461e-06
u_central_control.we_c_buf_$_DFF_PP0__Q,1.1,7.412e-06,0.000e+00,8.175e-08,7.494e-06
u_skew_a.c_cnt_$_DFFE_PP0P__Q,1.1,2.031e-07,0.000e+00,4.564e-08,2.487e-07
u_skew_a.c_cnt_$_DFFE_PP0P__Q_1,1.1,3.494e-07,0.000e+00,4.732e-08,3.968e-07
u_skew_a.in_buff_$_DFFE_PP__Q,1.1,1.151e-06,0.000e+00,3.901e-08,1.190e-06
u_skew_a.in_buff_$_DFFE_PP__Q_1,1.1,1.151e-06,0.000e+00,3.901e-08,1.190e-06
u_skew_a.in_buff_$_DFFE_PP__Q_10,1.1,7.801e-07,0.000e+00,3.816e-08,8.182e-07
u_skew_a.in_buff_$_DFFE_PP__Q_11,1.1,7.801e-07,0.000e+00,3.816e-08,8.182e-07
u_skew_a.in_buff_$_DFFE_PP__Q_12,1.1,7.801e-07,0.000e+00,3.816e-08,8.182e-07
u_skew_a.in_buff_$_DFFE_PP__Q_13,1.1,7.801e-07,0.000e+00,3.816e-08,8.182e-07
u_skew_a.in_buff_$_DFFE_PP__Q_14,1.1,7.801e-07,0.000e+00,3.816e-08,8.182e-07
u_skew_a.in_buff_$_DFFE_PP__Q_15,1.1,7.681e-07,0.000e+00,3.815e-08,8.063e-07
u_skew_a.in_buff_$_DFFE_PP__Q_2,1.1,1.151e-06,0.000e+00,3.901e-08,1.190e-06
u_skew_a.in_buff_$_DFFE_PP__Q_3,1.1,1.151e-06,0.000e+00,3.901e-08,1.190e-06
u_skew_a.in_buff_$_DFFE_PP__Q_4,1.1,1.151e-06,0.000e+00,3.901e-08,1.190e-06
u_skew_a.in_buff_$_DFFE_PP__Q_5,1.1,1.151e-06,0.000e+00,3.901e-08,1.190e-06
u_skew_a.in_buff_$_DFFE_PP__Q_6,1.1,1.151e-06,0.000e+00,3.901e-08,1.190e-06
u_skew_a.in_buff_$_DFFE_PP__Q_7,1.1,1.283e-06,0.000e+00,3.933e-08,1.322e-06
u_skew_a.in_buff_$_DFFE_PP__Q_8,1.1,7.801e-07,0.000e+00,3.816e-08,8.182e-07
u_skew_a.in_buff_$_DFFE_PP__Q_9,1.1,7.801e-07,0.000e+00,3.816e-08,8.182e-07
u_skew_a.in_ram_addr_$_DFFE_PP0N__Q,1.1,6.277e-07,0.000e+00,8.358e-08,7.113e-07
u_skew_a.in_ram_addr_$_DFFE_PP0N__Q_1,1.1,6.277e-07,0.000e+00,8.358e-08,7.113e-07
u_skew_a.in_ram_addr_$_DFFE_PP0N__Q_10,1.1,1.248e-06,0.000e+00,7.942e-08,1.328e-06
u_skew_a.in_ram_addr_$_DFFE_PP0N__Q_11,1.1,1.293e-06,0.000e+00,7.934e-08,1.373e-06
u_skew_a.in_ram_addr_$_DFFE_PP0N__Q_12,1.1,1.341e-06,0.000e+00,7.920e-08,1.420e-06
u_skew_a.in_ram_addr_$_DFFE_PP0N__Q_13,1.1,1.409e-06,0.000e+00,7.897e-08,1.488e-06
u_skew_a.in_ram_addr_$_DFFE_PP0N__Q_14,1.1,1.472e-06,0.000e+00,7.870e-08,1.551e-06
u_skew_a.in_ram_addr_$_DFFE_PP0N__Q_15,1.1,1.513e-06,0.000e+00,7.885e-08,1.592e-06
u_skew_a.in_ram_addr_$_DFFE_PP0N__Q_16,1.1,1.072e-06,0.000e+00,8.199e-08,1.154e-06
u_skew_a.in_ram_addr_$_DFFE_PP0N__Q_2,1.1,6.277e-07,0.000e+00,8.358e-08,7.113e-07
u_skew_a.in_ram_addr_$_DFFE_PP0N__Q_3,1.1,6.277e-07,0.000e+00,8.358e-08,7.113e-07
u_skew_a.in_ram_addr_$_DFFE_PP0N__Q_4,1.1,6.277e-07,0.000e+00,8.358e-08,7.113e-07
u_skew_a.in_ram_addr_$_DFFE_PP0N__Q_5,1.1,6.277e-07,0.000e+00,8.358e-08,7.113e-07
u_skew_a.in_ram_addr_$_DFFE_PP0N__Q_6,1.1,6.277e-07,0.000e+00,8.358e-08,7.113e-07
u_skew_a.in_ram_addr_$_DFFE_PP0N__Q_7,1.1,6.277e-07,0.000e+00,8.358e-08,7.113e-07
u_skew_a.in_ram_addr_$_DFFE_PP0N__Q_8,1.1,1.200e-06,0.000e+00,7.948e-08,1.279e-06
u_skew_a.in_ram_addr_$_DFFE_PP0N__Q_9,1.1,1.239e-06,0.000e+00,7.949e-08,1.318e-06
u_skew_a.load_cnt_$_DFF_PP0__Q,1.1,7.075e-06,0.000e+00,8.272e-08,7.157e-06
u_skew_a.load_cnt_$_DFF_PP0__Q_1,1.1,7.037e-06,0.000e+00,8.274e-08,7.120e-06
u_skew_a.load_finished_$_DFF_PP0__Q,1.1,7.323e-06,0.000e+00,8.241e-08,7.406e-06
u_skew_a.out_buf_d_$_DFFE_PP0P__Q,1.1,7.408e-07,0.000e+00,8.340e-08,8.242e-07
u_skew_a.out_buf_d_$_DFFE_PP0P__Q_1,1.1,7.408e-07,0.000e+00,8.340e-08,8.242e-07
u_skew_a.out_buf_d_$_DFFE_PP0P__Q_10,1.1,6.440e-07,0.000e+00,8.357e-08,7.276e-07
u_skew_a.out_buf_d_$_DFFE_PP0P__Q_11,1.1,6.440e-07,0.000e+00,8.357e-08,7.276e-07
u_skew_a.out_buf_d_$_DFFE_PP0P__Q_12,1.1,6.440e-07,0.000e+00,8.357e-08,7.276e-07
u_skew_a.out_buf_d_$_DFFE_PP0P__Q_13,1.1,6.440e-07,0.000e+00,8.357e-08,7.276e-07
u_skew_a.out_buf_d_$_DFFE_PP0P__Q_14,1.1,6.440e-07,0.000e+00,8.357e-08,7.276e-07
u_skew_a.out_buf_d_$_DFFE_PP0P__Q_15,1.1,6.428e-07,0.000e+00,8.357e-08,7.263e-07
u_skew_a.out_buf_d_$_DFFE_PP0P__Q_2,1.1,7.408e-07,0.000e+00,8.340e-08,8.242e-07
u_skew_a.out_buf_d_$_DFFE_PP0P__Q_3,1.1,7.408e-07,0.000e+00,8.340e-08,8.242e-07
u_skew_a.out_buf_d_$_DFFE_PP0P__Q_4,1.1,7.408e-07,0.000e+00,8.340e-08,8.242e-07
u_skew_a.out_buf_d_$_DFFE_PP0P__Q_5,1.1,7.408e-07,0.000e+00,8.340e-08,8.242e-07
u_skew_a.out_buf_d_$_DFFE_PP0P__Q_6,1.1,7.408e-07,0.000e+00,8.340e-08,8.242e-07
u_skew_a.out_buf_d_$_DFFE_PP0P__Q_7,1.1,7.882e-07,0.000e+00,8.331e-08,8.715e-07
u_skew_a.out_buf_d_$_DFFE_PP0P__Q_8,1.1,6.440e-07,0.000e+00,8.357e-08,7.276e-07
u_skew_a.out_buf_d_$_DFFE_PP0P__Q_9,1.1,6.440e-07,0.000e+00,8.357e-08,7.276e-07
u_skew_a.out_buf_row_addr_$_DFFE_PP0P__Q,1.1,8.079e-07,0.000e+00,8.336e-08,8.913e-07
u_skew_a.out_buf_row_addr_$_DFFE_PP0P__Q_1,1.1,1.371e-06,0.000e+00,7.492e-08,1.446e-06
u_skew_a.out_buf_we_$_DFF_PP0__Q,1.1,6.603e-06,0.000e+00,8.347e-08,6.687e-06
u_skew_a.r_cnt_$_DFFE_PP0P__Q,1.1,9.735e-07,0.000e+00,8.274e-08,1.056e-06
u_skew_a.r_cnt_$_DFFE_PP0P__Q_1,1.1,1.087e-06,0.000e+00,8.199e-08,1.169e-06
u_skew_a.state_$_DFFE_PP0P__Q,1.1,1.463e-06,0.000e+00,6.527e-08,1.529e-06
u_skew_a.state_$_DFFE_PP0P__Q_1,1.1,1.196e-06,0.000e+00,8.211e-08,1.278e-06
u_skew_a.state_$_DFFE_PP1P__Q,1.1,1.463e-06,0.000e+00,7.322e-08,1.536e-06
u_skew_a.zero_cnt_$_DFFE_PP0N__Q,1.1,7.268e-07,0.000e+00,8.347e-08,8.103e-07
u_skew_a.zero_cnt_$_DFFE_PP0N__Q_1,1.1,6.875e-07,0.000e+00,8.351e-08,7.710e-07
u_skew_b.c_cnt_$_DFFE_PP0P__Q,1.1,1.020e-07,0.000e+00,4.457e-08,1.466e-07
u_skew_b.c_cnt_$_DFFE_PP0P__Q_1,1.1,1.821e-07,0.000e+00,4.523e-08,2.274e-07
u_skew_b.in_buff_$_DFFE_PP__Q,1.1,1.119e-06,0.000e+00,3.899e-08,1.158e-06
u_skew_b.in_buff_$_DFFE_PP__Q_1,1.1,1.119e-06,0.000e+00,3.899e-08,1.158e-06
u_skew_b.in_buff_$_DFFE_PP__Q_10,1.1,6.743e-07,0.000e+00,3.808e-08,7.124e-07
u_skew_b.in_buff_$_DFFE_PP__Q_11,1.1,6.743e-07,0.000e+00,3.808e-08,7.124e-07
u_skew_b.in_buff_$_DFFE_PP__Q_12,1.1,6.743e-07,0.000e+00,3.808e-08,7.124e-07
u_skew_b.in_buff_$_DFFE_PP__Q_13,1.1,6.743e-07,0.000e+00,3.808e-08,7.124e-07
u_skew_b.in_buff_$_DFFE_PP__Q_14,1.1,6.743e-07,0.000e+00,3.808e-08,7.124e-07
u_skew_b.in_buff_$_DFFE_PP__Q_15,1.1,6.682e-07,0.000e+00,3.808e-08,7.063e-07
u_skew_b.in_buff_$_DFFE_PP__Q_2,1.1,1.119e-06,0.000e+00,3.899e-08,1.158e-06
u_skew_b.in_buff_$_DFFE_PP__Q_3,1.1,1.119e-06,0.000e+00,3.899e-08,1.158e-06
u_skew_b.in_buff_$_DFFE_PP__Q_4,1.1,1.119e-06,0.000e+00,3.899e-08,1.158e-06
u_skew_b.in_buff_$_DFFE_PP__Q_5,1.1,1.119e-06,0.000e+00,3.899e-08,1.158e-06
u_skew_b.in_buff_$_DFFE_PP__Q_6,1.1,1.119e-06,0.000e+00,3.899e-08,1.158e-06
u_skew_b.in_buff_$_DFFE_PP__Q_7,1.1,1.250e-06,0.000e+00,3.932e-08,1.289e-06
u_skew_b.in_buff_$_DFFE_PP__Q_8,1.1,6.743e-07,0.000e+00,3.808e-08,7.124e-07
u_skew_b.in_buff_$_DFFE_PP__Q_9,1.1,6.743e-07,0.000e+00,3.808e-08,7.124e-07
u_skew_b.in_ram_addr_$_DFFE_PP0P__Q,1.1,1.200e-06,0.000e+00,7.948e-08,1.279e-06
u_skew_b.in_ram_addr_$_DFFE_PP0P__Q_1,1.1,1.238e-06,0.000e+00,7.949e-08,1.318e-06
u_skew_b.in_ram_addr_$_DFFE_PP0P__Q_10,1.1,6.277e-07,0.000e+00,8.358e-08,7.113e-07
u_skew_b.in_ram_addr_$_DFFE_PP0P__Q_11,1.1,6.277e-07,0.000e+00,8.358e-08,7.113e-07
u_skew_b.in_ram_addr_$_DFFE_PP0P__Q_12,1.1,6.277e-07,0.000e+00,8.358e-08,7.113e-07
u_skew_b.in_ram_addr_$_DFFE_PP0P__Q_13,1.1,6.277e-07,0.000e+00,8.358e-08,7.113e-07
u_skew_b.in_ram_addr_$_DFFE_PP0P__Q_14,1.1,6.282e-07,0.000e+00,8.358e-08,7.118e-07
u_skew_b.in_ram_addr_$_DFFE_PP0P__Q_15,1.1,9.469e-07,0.000e+00,8.274e-08,1.030e-06
u_skew_b.in_ram_addr_$_DFFE_PP0P__Q_16,1.1,9.061e-07,0.000e+00,8.274e-08,9.889e-07
u_skew_b.in_ram_addr_$_DFFE_PP0P__Q_2,1.1,1.247e-06,0.000e+00,7.942e-08,1.326e-06
u_skew_b.in_ram_addr_$_DFFE_PP0P__Q_3,1.1,1.282e-06,0.000e+00,7.934e-08,1.361e-06
u_skew_b.in_ram_addr_$_DFFE_PP0P__Q_4,1.1,1.264e-06,0.000e+00,6.606e-08,1.330e-06
u_skew_b.in_ram_addr_$_DFFE_PP0P__Q_5,1.1,1.366e-06,0.000e+00,7.901e-08,1.445e-06
u_skew_b.in_ram_addr_$_DFFE_PP0P__Q_6,1.1,1.357e-06,0.000e+00,7.885e-08,1.436e-06
u_skew_b.in_ram_addr_$_DFFE_PP0P__Q_7,1.1,1.187e-06,0.000e+00,7.949e-08,1.267e-06
u_skew_b.in_ram_addr_$_DFFE_PP0P__Q_8,1.1,6.277e-07,0.000e+00,8.358e-08,7.113e-07
u_skew_b.in_ram_addr_$_DFFE_PP0P__Q_9,1.1,6.277e-07,0.000e+00,8.358e-08,7.113e-07
u_skew_b.load_cnt_$_DFF_PP0__Q,1.1,7.129e-06,0.000e+00,8.263e-08,7.211e-06
u_skew_b.load_cnt_$_DFF_PP0__Q_1,1.1,7.034e-06,0.000e+00,8.274e-08,7.117e-06
u_skew_b.load_finished_$_DFF_PP0__Q,1.1,6.842e-06,0.000e+00,8.323e-08,6.925e-06
u_skew_b.out_buf_d_$_DFFE_PP0P__Q,1.1,6.798e-07,0.000e+00,8.352e-08,7.633e-07
u_skew_b.out_buf_d_$_DFFE_PP0P__Q_1,1.1,6.798e-07,0.000e+00,8.352e-08,7.633e-07
u_skew_b.out_buf_d_$_DFFE_PP0P__Q_10,1.1,6.261e-07,0.000e+00,8.359e-08,7.097e-07
u_skew_b.out_buf_d_$_DFFE_PP0P__Q_11,1.1,6.261e-07,0.000e+00,8.359e-08,7.097e-07
u_skew_b.out_buf_d_$_DFFE_PP0P__Q_12,1.1,6.261e-07,0.000e+00,8.359e-08,7.097e-07
u_skew_b.out_buf_d_$_DFFE_PP0P__Q_13,1.1,6.261e-07,0.000e+00,8.359e-08,7.097e-07
u_skew_b.out_buf_d_$_DFFE_PP0P__Q_14,1.1,6.261e-07,0.000e+00,8.359e-08,7.097e-07
u_skew_b.out_buf_d_$_DFFE_PP0P__Q_15,1.1,6.258e-07,0.000e+00,8.359e-08,7.094e-07
u_skew_b.out_buf_d_$_DFFE_PP0P__Q_2,1.1,6.798e-07,0.000e+00,8.352e-08,7.633e-07
u_skew_b.out_buf_d_$_DFFE_PP0P__Q_3,1.1,6.798e-07,0.000e+00,8.352e-08,7.633e-07
u_skew_b.out_buf_d_$_DFFE_PP0P__Q_4,1.1,6.798e-07,0.000e+00,8.352e-08,7.633e-07
u_skew_b.out_buf_d_$_DFFE_PP0P__Q_5,1.1,6.798e-07,0.000e+00,8.352e-08,7.633e-07
u_skew_b.out_buf_d_$_DFFE_PP0P__Q_6,1.1,6.798e-07,0.000e+00,8.352e-08,7.633e-07
u_skew_b.out_buf_d_$_DFFE_PP0P__Q_7,1.1,7.050e-07,0.000e+00,8.348e-08,7.885e-07
u_skew_b.out_buf_d_$_DFFE_PP0P__Q_8,1.1,6.261e-07,0.000e+00,8.359e-08,7.097e-07
u_skew_b.out_buf_d_$_DFFE_PP0P__Q_9,1.1,6.261e-07,0.000e+00,8.359e-08,7.097e-07
u_skew_b.out_buf_row_addr_$_DFFE_PP0P__Q,1.1,1.211e-06,0.000e+00,8.245e-08,1.294e-06
u_skew_b.out_buf_row_addr_$_DFFE_PP0P__Q_1,1.1,1.144e-06,0.000e+00,8.245e-08,1.226e-06
u_skew_b.out_buf_we_$_DFF_PP0__Q,1.1,7.431e-06,0.000e+00,8.172e-08,7.512e-06
u_skew_b.r_cnt_$_DFFE_PP0P__Q,1.1,9.523e-07,0.000e+00,8.274e-08,1.035e-06
u_skew_b.r_cnt_$_DFFE_PP0P__Q_1,1.1,9.152e-07,0.000e+00,8.274e-08,9.980e-07
u_skew_b.state_$_DFFE_PP0P__Q,1.1,9.425e-07,0.000e+00,5.366e-08,9.962e-07
u_skew_b.state_$_DFFE_PP0P__Q_1,1.1,1.381e-06,0.000e+00,7.980e-08,1.461e-06
u_skew_b.state_$_DFFE_PP1P__Q,1.1,1.515e-06,0.000e+00,7.272e-08,1.588e-06
u_skew_b.zero_cnt_$_DFFE_PP0N__Q,1.1,1.189e-06,0.000e+00,8.241e-08,1.271e-06
u_skew_b.zero_cnt_$_DFFE_PP0N__Q_1,1.1,1.109e-06,0.000e+00,8.241e-08,1.192e-06
fanout_buf_1,1.1,1.835e-06,0.000e+00,1.722e-07,2.007e-06
fanout_buf_2,1.1,1.838e-06,0.000e+00,1.722e-07,2.010e-06
fanout_buf_3,1.1,1.838e-06,0.000e+00,1.722e-07,2.010e-06
fanout_buf_4,1.1,1.835e-06,0.000e+00,1.722e-07,2.007e-06
fanout_buf_5,1.1,2.087e-06,0.000e+00,1.722e-07,2.260e-06
fanout_buf_6,1.1,2.087e-06,0.000e+00,1.722e-07,2.260e-06
fanout_buf_7,1.1,2.087e-06,0.000e+00,1.722e-07,2.260e-06
fanout_buf_8,1.1,2.087e-06,0.000e+00,1.722e-07,2.260e-06
